source_file,source_row_number,raw_record_id,date,time,observed_at,needs_review,review_reasons,possible_normalized_duplicate,normalized_duplicate_group,input_raw_record_id,input_source_file,input_source_sheet,input_source_row_number,input_observed_at,input_needs_review,input_review_reasons,water_in_return,mins_added,return_now,nutrient_solution,ph_down,how_much_consumed,leak_or_no,how_many_planted,problems,plant,seed_or_seedling,age,watered_amount,how_many_plants_planted,problems_faced,date_raw,how_much_consumed_raw,leak_or_no_raw,mins_added_raw,ph_down_raw,plant_raw,return_now_raw,seed_or_seedling_raw,time_raw,water_in_return_raw,watered_amount_raw,mins_added_minutes,mins_added_parse_status,water_in_return_liters,water_in_return_liters_parse_status,return_now_liters,return_now_liters_parse_status,how_much_consumed_liters,how_much_consumed_liters_parse_status,watered_amount_liters,watered_amount_liters_parse_status,ph_down_milliliters,ph_down_milliliters_parse_status,leak_reported,problem_notes,planting_notes,water_in_return_liters_possible_outlier,return_now_liters_possible_outlier,how_much_consumed_liters_possible_outlier,watered_amount_liters_possible_outlier,ph_down_milliliters_possible_outlier,mins_added_minutes_possible_outlier,age_raw,date_raw_source,how_many_planted_raw,how_many_plants_planted_raw,how_much_consumed_raw_source,how_much_consumed_liters_raw,input_observed_at_raw,leak_or_no_raw_source,mins_added_raw_source,mins_added_minutes_raw,nutrient_solution_raw,ph_down_raw_source,ph_down_milliliters_raw,plant_raw_source,planting_notes_raw,problem_notes_raw,problems_raw,problems_faced_raw,return_now_raw_source,return_now_liters_raw,seed_or_seedling_raw_source,time_raw_source,water_in_return_raw_source,water_in_return_liters_raw,watered_amount_raw_source,watered_amount_liters_raw,date_date_parse_status,mins_added_minutes_parse_status,mins_added_minutes_numeric_parse_status,water_in_return_liters_numeric_parse_status,return_now_liters_numeric_parse_status,how_much_consumed_liters_numeric_parse_status,watered_amount_liters_numeric_parse_status,ph_down_milliliters_numeric_parse_status
cleaned_data.csv,4,cleaned_data.csv::row_4,2025-08-08,13:20:00,2025-08-08T13:20:00,True,how_much_consumed_contains_context_or_uncertainty,False,,Water consumption in glasshouse new cycle - original data.xlsx::Towers::row_4,Water consumption in glasshouse new cycle - original data.xlsx,Towers,4,2025-08-08T13:20:00,True,how_much_consumed_contains_context_or_uncertainty,126L,3 mins,200L,peristaltic pumps,10ml,4L in 2 hours?,yes R1,all except 1 unit,rotation and lights off when I arrive,,,,,,,2025-08-08 00:00:00,4L in 2 hours?,yes R1,3 mins,10ml,,200L,,13:20:00,126L,,3.0,parsed,126.0,parsed,200.0,parsed,4.0,parsed,,missing,10.0,parsed,True,rotation and lights off when I arrive,all except 1 unit,False,False,False,False,False,False,,2025-08-08,all except 1 unit,,4L in 2 hours?,4.0,2025-08-08T13:20:00,yes R1,3 mins,3.0,peristaltic pumps,10ml,10.0,,all except 1 unit,rotation and lights off when I arrive,rotation and lights off when I arrive,,200L,200.0,,13:20:00,126L,126.0,,,parsed,parsed,parsed,parsed,parsed,parsed,missing,parsed
cleaned_data.csv,5,cleaned_data.csv::row_5,2025-08-11,11:52:00,2025-08-11T11:52:00,True,how_much_consumed_contains_context_or_uncertainty; water_in_return_liters_possible_outlier; how_much_consumed_liters_possible_outlier,False,,Water consumption in glasshouse new cycle - original data.xlsx::Towers::row_5,Water consumption in glasshouse new cycle - original data.xlsx,Towers,5,2025-08-11T11:52:00,True,how_much_consumed_contains_context_or_uncertainty; water_in_return_liters_possible_outlier; how_much_consumed_liters_possible_outlier,60L,3 mins,135L,peristaltic pumps,10ml,140L (weekend),yes R1,all except 1 unit,rotation and lights off when I arrive,,,,,,,2025-08-11 00:00:00,140L (weekend),yes R1,3 mins,10ml,,135L,,11:52:00,60L,,3.0,parsed,60.0,parsed,135.0,parsed,140.0,parsed,,missing,10.0,parsed,True,rotation and lights off when I arrive,all except 1 unit,True,False,True,False,False,False,,2025-08-11,all except 1 unit,,140L (weekend),140.0,2025-08-11T11:52:00,yes R1,3 mins,3.0,peristaltic pumps,10ml,10.0,,all except 1 unit,rotation and lights off when I arrive,rotation and lights off when I arrive,,135L,135.0,,11:52:00,60L,60.0,,,parsed,parsed,parsed,parsed,parsed,parsed,missing,parsed
cleaned_data.csv,6,cleaned_data.csv::row_6,2025-08-12,14:12:00,2025-08-12T14:12:00,True,mins_added_duration_requires_review,False,,Water consumption in glasshouse new cycle - original data.xlsx::Towers::row_6,Water consumption in glasshouse new cycle - original data.xlsx,Towers,6,2025-08-12T14:12:00,True,mins_added_not_machine_parseable,90L,manually,160L,peristaltic pumps,15ml,45L,yes R1,all except 1 unit,electricity kept turning on and off,,,,,,,2025-08-12 00:00:00,45L,yes R1,manually,15ml,,160L,,14:12:00,90L,,,manual_entry,90.0,parsed,160.0,parsed,45.0,parsed,,missing,15.0,parsed,True,electricity kept turning on and off,all except 1 unit,False,False,False,False,False,False,,2025-08-12,all except 1 unit,,45L,45.0,2025-08-12T14:12:00,yes R1,manually,,peristaltic pumps,15ml,15.0,,all except 1 unit,electricity kept turning on and off,electricity kept turning on and off,,160L,160.0,,14:12:00,90L,90.0,,,parsed,manual_entry,missing,parsed,parsed,parsed,missing,parsed
cleaned_data.csv,9,cleaned_data.csv::row_9,2025-08-14,16:00:00,2025-08-14T16:00:00,True,mins_added_duration_requires_review,False,,Water consumption in glasshouse new cycle - original data.xlsx::Towers::row_9,Water consumption in glasshouse new cycle - original data.xlsx,Towers,9,2025-08-14T16:00:00,True,mins_added_not_machine_parseable,,manually,230L,700 A 700 B,,,yes R1,all except 1 tower,,,,,,,,2025-08-14 00:00:00,-,yes R1,manually,-,,230L,,16:00:00,-,,,manual_entry,,missing,230.0,parsed,,missing,,missing,,missing,True,,all except 1 tower,False,False,False,False,False,False,,2025-08-14,all except 1 tower,,,,2025-08-14T16:00:00,yes R1,manually,,700 A 700 B,,,,all except 1 tower,,,,230L,230.0,,16:00:00,,,,,parsed,manual_entry,missing,missing,parsed,missing,missing,missing
cleaned_data.csv,10,cleaned_data.csv::row_10,2025-08-17,13:37:00,2025-08-17T13:37:00,True,how_much_consumed_liters_possible_outlier,False,,Water consumption in glasshouse new cycle - original data.xlsx::Towers::row_10,Water consumption in glasshouse new cycle - original data.xlsx,Towers,10,2025-08-17T13:37:00,True,how_much_consumed_liters_possible_outlier,123L,2 mins,160L,peristaltic pumps,,107L,yes R1 ALOT,all except 1 tower,rotation and lights off when I arrive,,,,,,,2025-08-17 00:00:00,107L,yes R1 ALOT,2 mins,-,,160L,,13:37:00,123L,,2.0,parsed,123.0,parsed,160.0,parsed,107.0,parsed,,missing,,missing,True,rotation and lights off when I arrive,all except 1 tower,False,False,True,False,False,False,,2025-08-17,all except 1 tower,,107L,107.0,2025-08-17T13:37:00,yes R1 ALOT,2 mins,2.0,peristaltic pumps,,,,all except 1 tower,rotation and lights off when I arrive,rotation and lights off when I arrive,,160L,160.0,,13:37:00,123L,123.0,,,parsed,parsed,parsed,parsed,parsed,parsed,missing,missing
cleaned_data.csv,12,cleaned_data.csv::row_12,2025-08-19,11:37:00,2025-08-19T11:37:00,True,mins_added_duration_requires_review,False,,Water consumption in glasshouse new cycle - original data.xlsx::Towers::row_12,Water consumption in glasshouse new cycle - original data.xlsx,Towers,12,2025-08-19T11:37:00,True,mins_added_not_machine_parseable,120L,manually,200L,peristaltic pumps,,30L,yes R1 ALOT,all except 1 tower,rotation and lights off when I arrive,,,,,,,2025-08-19 00:00:00,30L,yes R1 ALOT,manually,-,,200L,,11:37:00,120L,,,manual_entry,120.0,parsed,200.0,parsed,30.0,parsed,,missing,,missing,True,rotation and lights off when I arrive,all except 1 tower,False,False,False,False,False,False,,2025-08-19,all except 1 tower,,30L,30.0,2025-08-19T11:37:00,yes R1 ALOT,manually,,peristaltic pumps,,,,all except 1 tower,rotation and lights off when I arrive,rotation and lights off when I arrive,,200L,200.0,,11:37:00,120L,120.0,,,parsed,manual_entry,missing,parsed,parsed,parsed,missing,missing
cleaned_data.csv,13,cleaned_data.csv::row_13,2025-08-20,11:50:00,2025-08-20T11:50:00,True,mins_added_duration_requires_review,False,,Water consumption in glasshouse new cycle - original data.xlsx::Towers::row_13,Water consumption in glasshouse new cycle - original data.xlsx,Towers,13,2025-08-20T11:50:00,True,mins_added_not_machine_parseable,126L,manually,200L,peristaltic pumps,,74L,yes R1 ALOT and 2 cylinders in R1,all except 1 tower,rotation and lights off when I arrive,,,,,,,2025-08-20 00:00:00,74L,yes R1 ALOT and 2 cylinders in R1,manually,-,,200L,,11:50:00,126L,,,manual_entry,126.0,parsed,200.0,parsed,74.0,parsed,,missing,,missing,True,rotation and lights off when I arrive,all except 1 tower,False,False,False,False,False,False,,2025-08-20,all except 1 tower,,74L,74.0,2025-08-20T11:50:00,yes R1 ALOT and 2 cylinders in R1,manually,,peristaltic pumps,,,,all except 1 tower,rotation and lights off when I arrive,rotation and lights off when I arrive,,200L,200.0,,11:50:00,126L,126.0,,,parsed,manual_entry,missing,parsed,parsed,parsed,missing,missing
cleaned_data.csv,14,cleaned_data.csv::row_14,2025-08-20,12:58:00,2025-08-20T12:58:00,True,how_much_consumed_contains_context_or_uncertainty,False,,Water consumption in glasshouse new cycle - original data.xlsx::Towers::row_14,Water consumption in glasshouse new cycle - original data.xlsx,Towers,14,2025-08-20T12:58:00,True,how_much_consumed_contains_context_or_uncertainty; water_in_return_liters_possible_outlier,196L,,,peristaltic pumps,,4L in 1 cycle!!!,yes R1 ALOT and 2 cylinders in R1,all except 1 tower,for 24 cycles we lost 74L so around 3.08L per cycle (leak),,,,,,,2025-08-20 00:00:00,4L in 1 cycle!!!,yes R1 ALOT and 2 cylinders in R1,-,-,,-,,12:58:00,196L,,,missing,196.0,parsed,,missing,4.0,parsed,,missing,,missing,True,for 24 cycles we lost 74L so around 3.08L per cycle (leak),all except 1 tower,False,False,False,False,False,False,,2025-08-20,all except 1 tower,,4L in 1 cycle!!!,4.0,2025-08-20T12:58:00,yes R1 ALOT and 2 cylinders in R1,,,peristaltic pumps,,,,all except 1 tower,for 24 cycles we lost 74L so around 3.08L per cycle (leak),for 24 cycles we lost 74L so around 3.08L per cycle (leak),,,,,12:58:00,196L,196.0,,,parsed,missing,missing,parsed,missing,parsed,missing,missing
cleaned_data.csv,17,cleaned_data.csv::row_17,2025-08-25,08:51:00,2025-08-25T08:51:00,True,how_much_consumed_contains_context_or_uncertainty; how_much_consumed_liters_possible_outlier,False,,Water consumption in glasshouse new cycle - original data.xlsx::Towers::row_17,Water consumption in glasshouse new cycle - original data.xlsx,Towers,17,2025-08-25T08:51:00,True,how_much_consumed_contains_context_or_uncertainty; how_much_consumed_liters_possible_outlier,90L,3 mins,150L,peristaltic pumps,10ml,140L (weekend),no more leaking,all except 1 tower,,,,,,,,2025-08-25 00:00:00,140L (weekend),no more leaking,3 mins,10ml,,150L,,08:51:00,90L,,3.0,parsed,90.0,parsed,150.0,parsed,140.0,parsed,,missing,10.0,parsed,False,,all except 1 tower,False,False,True,False,False,False,,2025-08-25,all except 1 tower,,140L (weekend),140.0,2025-08-25T08:51:00,no more leaking,3 mins,3.0,peristaltic pumps,10ml,10.0,,all except 1 tower,,,,150L,150.0,,08:51:00,90L,90.0,,,parsed,parsed,parsed,parsed,parsed,parsed,missing,parsed
cleaned_data.csv,18,cleaned_data.csv::row_18,2025-08-25,10:54:00,2025-08-25T10:54:00,True,mins_added_duration_requires_review,False,,Water consumption in glasshouse new cycle - original data.xlsx::Towers::row_18,Water consumption in glasshouse new cycle - original data.xlsx,Towers,18,2025-08-25T10:54:00,True,mins_added_not_machine_parseable,150L,manually,200L,peristaltic pumps,,,no more leaking,all except 1 tower,,,,,,,,2025-08-25 00:00:00,-,no more leaking,manually,-,,200L,,10:54:00,150L,,,manual_entry,150.0,parsed,200.0,parsed,,missing,,missing,,missing,False,,all except 1 tower,False,False,False,False,False,False,,2025-08-25,all except 1 tower,,,,2025-08-25T10:54:00,no more leaking,manually,,peristaltic pumps,,,,all except 1 tower,,,,200L,200.0,,10:54:00,150L,150.0,,,parsed,manual_entry,missing,parsed,parsed,missing,missing,missing
cleaned_data.csv,23,cleaned_data.csv::row_23,2025-08-28,14:20:00,2025-08-28T14:20:00,True,mins_added_duration_requires_review,False,,Water consumption in glasshouse new cycle - original data.xlsx::Towers::row_23,Water consumption in glasshouse new cycle - original data.xlsx,Towers,23,2025-08-28T14:20:00,True,mins_added_not_machine_parseable,,manually,155L,peristaltic pumps,,,no more leaking,all except 1 tower,,,,,,,,2025-08-28 00:00:00,-,no more leaking,manually,-,,155L,,14:20:00,-,,,manual_entry,,missing,155.0,parsed,,missing,,missing,,missing,False,,all except 1 tower,False,False,False,False,False,False,,2025-08-28,all except 1 tower,,,,2025-08-28T14:20:00,no more leaking,manually,,peristaltic pumps,,,,all except 1 tower,,,,155L,155.0,,14:20:00,,,,,parsed,manual_entry,missing,missing,parsed,missing,missing,missing
cleaned_data.csv,25,cleaned_data.csv::row_25,2025-09-01,12:39:00,2025-09-01T12:39:00,True,water_in_return_quantity_requires_review; how_much_consumed_contains_context_or_uncertainty; how_much_consumed_liters_possible_outlier,False,,Water consumption in glasshouse new cycle - original data.xlsx::Towers::row_25,Water consumption in glasshouse new cycle - original data.xlsx,Towers,25,2025-09-01T12:39:00,True,water_in_return_quantity_requires_review; how_much_consumed_contains_context_or_uncertainty; how_much_consumed_liters_possible_outlier,50L supply missing 25L,3 mins,140L,peristaltic pumps,,150L (weekend),no more leaking,all except 1 tower,"there was a problem with the water, pumps weren't returning the water back but it was a system problem not pumps",,,,,,,2025-09-01 00:00:00,150L (weekend),no more leaking,3 mins,-,,140L,,12:39:00,50L supply missing 25L,,3.0,parsed,,ambiguous_multiple_quantities,140.0,parsed,150.0,parsed,,missing,,missing,False,"there was a problem with the water, pumps weren't returning the water back but it was a system problem not pumps",all except 1 tower,False,False,True,False,False,False,,2025-09-01,all except 1 tower,,150L (weekend),150.0,2025-09-01T12:39:00,no more leaking,3 mins,3.0,peristaltic pumps,,,,all except 1 tower,"there was a problem with the water, pumps weren't returning the water back but it was a system problem not pumps","there was a problem with the water, pumps weren't returning the water back but it was a system problem not pumps",,140L,140.0,,12:39:00,50L supply missing 25L,,,,parsed,parsed,parsed,missing,parsed,parsed,missing,missing
cleaned_data.csv,26,cleaned_data.csv::row_26,2025-09-02,10:51:00,2025-09-02T10:51:00,True,mins_added_duration_requires_review,False,,Water consumption in glasshouse new cycle - original data.xlsx::Towers::row_26,Water consumption in glasshouse new cycle - original data.xlsx,Towers,26,2025-09-02T10:51:00,True,mins_added_not_machine_parseable,105L,manually,160L,peristaltic pumps,10ml,35L,no more leaking,all except 1 tower,,,,,,,,2025-09-02 00:00:00,35L,no more leaking,manually,10ml,,160L,,10:51:00,105L,,,manual_entry,105.0,parsed,160.0,parsed,35.0,parsed,,missing,10.0,parsed,False,,all except 1 tower,False,False,False,False,False,False,,2025-09-02,all except 1 tower,,35L,35.0,2025-09-02T10:51:00,no more leaking,manually,,peristaltic pumps,10ml,10.0,,all except 1 tower,,,,160L,160.0,,10:51:00,105L,105.0,,,parsed,manual_entry,missing,parsed,parsed,parsed,missing,parsed
cleaned_data.csv,28,cleaned_data.csv::row_28,2025-09-03,09:36:00,2025-09-03T09:36:00,True,mins_added_duration_requires_review,False,,Water consumption in glasshouse new cycle - original data.xlsx::Towers::row_28,Water consumption in glasshouse new cycle - original data.xlsx,Towers,28,2025-09-03T09:36:00,True,mins_added_not_machine_parseable,175L,manually,200L,peristaltic pumps,10ml,,no more leaking,all except 1 tower,,,,,,,,2025-09-03 00:00:00,-,no more leaking,manually,10ml,,200L,,09:36:00,175L,,,manual_entry,175.0,parsed,200.0,parsed,,missing,,missing,10.0,parsed,False,,all except 1 tower,False,False,False,False,False,False,,2025-09-03,all except 1 tower,,,,2025-09-03T09:36:00,no more leaking,manually,,peristaltic pumps,10ml,10.0,,all except 1 tower,,,,200L,200.0,,09:36:00,175L,175.0,,,parsed,manual_entry,missing,parsed,parsed,missing,missing,parsed
cleaned_data.csv,29,cleaned_data.csv::row_29,2025-09-05,11:10:00,2025-09-05T11:10:00,True,how_much_consumed_liters_possible_outlier,False,,Water consumption in glasshouse new cycle - original data.xlsx::Towers::row_29,Water consumption in glasshouse new cycle - original data.xlsx,Towers,29,2025-09-05T11:10:00,True,how_much_consumed_liters_possible_outlier,90L,4 mins,180L,peristaltic pumps,,110L (2 days),no more leaking,all except 1 tower,,,,,,,,2025-09-05 00:00:00,110L (2 days),no more leaking,4 mins,-,,180L,,11:10:00,90L,,4.0,parsed,90.0,parsed,180.0,parsed,110.0,parsed,,missing,,missing,False,,all except 1 tower,False,False,True,False,False,False,,2025-09-05,all except 1 tower,,110L (2 days),110.0,2025-09-05T11:10:00,no more leaking,4 mins,4.0,peristaltic pumps,,,,all except 1 tower,,,,180L,180.0,,11:10:00,90L,90.0,,,parsed,parsed,parsed,parsed,parsed,parsed,missing,missing
cleaned_data.csv,31,cleaned_data.csv::row_31,2025-09-05,14:07:00,2025-09-05T14:07:00,True,water_in_return_liters_possible_outlier,False,,Water consumption in glasshouse new cycle - original data.xlsx::Towers::row_31,Water consumption in glasshouse new cycle - original data.xlsx,Towers,31,2025-09-05T14:07:00,True,water_in_return_liters_possible_outlier,230L,,,,,15L just from leak,major leaking,all except 1 tower,temporary tank spilled water for some reason,,,,,,,2025-09-05 00:00:00,15L just from leak,major leaking,-,-,,-,,14:07:00,230L,,,missing,230.0,parsed,,missing,15.0,parsed,,missing,,missing,True,temporary tank spilled water for some reason,all except 1 tower,True,False,False,False,False,False,,2025-09-05,all except 1 tower,,15L just from leak,15.0,2025-09-05T14:07:00,major leaking,,,,,,,all except 1 tower,temporary tank spilled water for some reason,temporary tank spilled water for some reason,,,,,14:07:00,230L,230.0,,,parsed,missing,missing,parsed,missing,parsed,missing,missing
cleaned_data.csv,32,cleaned_data.csv::row_32,2025-09-08,11:14:00,2025-09-08T11:14:00,True,mins_added_duration_requires_review; how_much_consumed_contains_context_or_uncertainty; how_much_consumed_liters_possible_outlier,False,,Water consumption in glasshouse new cycle - original data.xlsx::Towers::row_32,Water consumption in glasshouse new cycle - original data.xlsx,Towers,32,2025-09-08T11:14:00,True,mins_added_not_machine_parseable; how_much_consumed_contains_context_or_uncertainty; how_much_consumed_liters_possible_outlier,120L,manually,198L,,,110L (weekend),no more leaking,all except 1 tower,problem with pump did not return water,,,,,,,2025-09-08 00:00:00,110L (weekend),no more leaking,manually,-,,198L,,11:14:00,120L,,,manual_entry,120.0,parsed,198.0,parsed,110.0,parsed,,missing,,missing,False,problem with pump did not return water,all except 1 tower,False,False,True,False,False,False,,2025-09-08,all except 1 tower,,110L (weekend),110.0,2025-09-08T11:14:00,no more leaking,manually,,,,,,all except 1 tower,problem with pump did not return water,problem with pump did not return water,,198L,198.0,,11:14:00,120L,120.0,,,parsed,manual_entry,missing,parsed,parsed,parsed,missing,missing
cleaned_data.csv,33,cleaned_data.csv::row_33,2025-09-08,15:27:00,2025-09-08T15:27:00,True,mins_added_duration_requires_review; how_much_consumed_contains_context_or_uncertainty,False,,Water consumption in glasshouse new cycle - original data.xlsx::Towers::row_33,Water consumption in glasshouse new cycle - original data.xlsx,Towers,33,2025-09-08T15:27:00,True,mins_added_not_machine_parseable; how_much_consumed_contains_context_or_uncertainty,150L,manually,200L,,15ml,48L in 4 hours!!,no more leaking,all except 1 tower,I'm assuming it's because they were under alot of water stress and they did not have water since 7pm the day before and the water room door was open the whole day and there was alot of work so evaporation as well,,,,,,,2025-09-08 00:00:00,48L in 4 hours!!,no more leaking,manually,15ml,,200L,,15:27:00,150L,,,manual_entry,150.0,parsed,200.0,parsed,48.0,parsed,,missing,15.0,parsed,False,I'm assuming it's because they were under alot of water stress and they did not have water since 7pm the day before and the water room door was open the whole day and there was alot of work so evaporation as well,all except 1 tower,False,False,False,False,False,False,,2025-09-08,all except 1 tower,,48L in 4 hours!!,48.0,2025-09-08T15:27:00,no more leaking,manually,,,15ml,15.0,,all except 1 tower,I'm assuming it's because they were under alot of water stress and they did not have water since 7pm the day before and the water room door was open the whole day and there was alot of work so evaporation as well,I'm assuming it's because they were under alot of water stress and they did not have water since 7pm the day before and the water room door was open the whole day and there was alot of work so evaporation as well,,200L,200.0,,15:27:00,150L,150.0,,,parsed,manual_entry,missing,parsed,parsed,parsed,missing,parsed
cleaned_data.csv,40,cleaned_data.csv::row_40,2025-09-15,08:28:00,2025-09-15T08:28:00,True,how_much_consumed_contains_context_or_uncertainty; water_in_return_liters_possible_outlier; how_much_consumed_liters_possible_outlier,False,,Water consumption in glasshouse new cycle - original data.xlsx::Towers::row_40,Water consumption in glasshouse new cycle - original data.xlsx,Towers,40,2025-09-15T08:28:00,True,how_much_consumed_contains_context_or_uncertainty; water_in_return_liters_possible_outlier; how_much_consumed_liters_possible_outlier,40L,3 mins,160L,,20ml,200L (weekend),no more leaking,all except 1 tower,,,,,,,,2025-09-15 00:00:00,200L (weekend),no more leaking,3 mins,20ml,,160L,,08:28:00,40L,,3.0,parsed,40.0,parsed,160.0,parsed,200.0,parsed,,missing,20.0,parsed,False,,all except 1 tower,True,False,True,False,False,False,,2025-09-15,all except 1 tower,,200L (weekend),200.0,2025-09-15T08:28:00,no more leaking,3 mins,3.0,,20ml,20.0,,all except 1 tower,,,,160L,160.0,,08:28:00,40L,40.0,,,parsed,parsed,parsed,parsed,parsed,parsed,missing,parsed
cleaned_data.csv,47,cleaned_data.csv::row_47,2025-09-22,08:34:00,2025-09-22T08:34:00,True,water_in_return_quantity_requires_review; how_much_consumed_contains_context_or_uncertainty; how_much_consumed_liters_possible_outlier,False,,Water consumption in glasshouse new cycle - original data.xlsx::Towers::row_47,Water consumption in glasshouse new cycle - original data.xlsx,Towers,47,2025-09-22T08:34:00,True,water_in_return_quantity_requires_review; how_much_consumed_contains_context_or_uncertainty; how_much_consumed_liters_possible_outlier,50L return miss 30L supply,4 mins,170L,,15ml,175L (weekend),no more leaking,all except 1 unit and 2 towers,3:13PM harvested 3 more towers and some basil A shape,,,,,,,2025-09-22 00:00:00,175L (weekend),no more leaking,4 mins,15ml,,170L,,08:34:00,50L return miss 30L supply,,4.0,parsed,,ambiguous_multiple_quantities,170.0,parsed,175.0,parsed,,missing,15.0,parsed,False,3:13PM harvested 3 more towers and some basil A shape,all except 1 unit and 2 towers,False,False,True,False,False,False,,2025-09-22,all except 1 unit and 2 towers,,175L (weekend),175.0,2025-09-22T08:34:00,no more leaking,4 mins,4.0,,15ml,15.0,,all except 1 unit and 2 towers,3:13PM harvested 3 more towers and some basil A shape,3:13PM harvested 3 more towers and some basil A shape,,170L,170.0,,08:34:00,50L return miss 30L supply,,,,parsed,parsed,parsed,missing,parsed,parsed,missing,parsed
cleaned_data.csv,55,cleaned_data.csv::row_55,2025-09-29,09:09:00,2025-09-29T09:09:00,True,how_much_consumed_contains_context_or_uncertainty; water_in_return_liters_possible_outlier; how_much_consumed_liters_possible_outlier,False,,Water consumption in glasshouse new cycle - original data.xlsx::Towers::row_55,Water consumption in glasshouse new cycle - original data.xlsx,Towers,55,2025-09-29T09:09:00,True,how_much_consumed_contains_context_or_uncertainty; water_in_return_liters_possible_outlier; how_much_consumed_liters_possible_outlier,50L,3 mins,170L,,,140L (weekend),no more leaking,2 units empty 4 towers empty,,,,,,,,2025-09-29 00:00:00,140L (weekend),no more leaking,3 mins,-,,170L,,09:09:00,50L,,3.0,parsed,50.0,parsed,170.0,parsed,140.0,parsed,,missing,,missing,False,,2 units empty 4 towers empty,True,False,True,False,False,False,,2025-09-29,2 units empty 4 towers empty,,140L (weekend),140.0,2025-09-29T09:09:00,no more leaking,3 mins,3.0,,,,,2 units empty 4 towers empty,,,,170L,170.0,,09:09:00,50L,50.0,,,parsed,parsed,parsed,parsed,parsed,parsed,missing,missing
cleaned_data.csv,63,cleaned_data.csv::row_63,2025-10-06,08:34:00,2025-10-06T08:34:00,True,how_much_consumed_contains_context_or_uncertainty; how_much_consumed_liters_possible_outlier,False,,Water consumption in glasshouse new cycle - original data.xlsx::Towers::row_63,Water consumption in glasshouse new cycle - original data.xlsx,Towers,63,2025-10-06T08:34:00,True,how_much_consumed_contains_context_or_uncertainty; how_much_consumed_liters_possible_outlier,90L,,,,,112L (weekend),no more leaking,harvested everything end of cycle,ozonation was on and water turned clear,,,,,,,2025-10-06 00:00:00,112L (weekend),no more leaking,-,-,,-,,08:34:00,90L,,,missing,90.0,parsed,,missing,112.0,parsed,,missing,,missing,False,ozonation was on and water turned clear,harvested everything end of cycle,False,False,True,False,False,False,,2025-10-06,harvested everything end of cycle,,112L (weekend),112.0,2025-10-06T08:34:00,no more leaking,,,,,,,harvested everything end of cycle,ozonation was on and water turned clear,ozonation was on and water turned clear,,,,,08:34:00,90L,90.0,,,parsed,missing,missing,parsed,missing,parsed,missing,missing
cleaned_data.csv,65,cleaned_data.csv::row_65,2025-08-17,13:37:00,2025-08-17T13:37:00,True,water_in_return_contains_context_or_uncertainty; how_much_consumed_contains_context_or_uncertainty; mins_added_minutes_possible_outlier; water_in_return_liters_possible_outlier; how_much_consumed_liters_possible_outlier,False,,Water consumption in glasshouse new cycle - original data.xlsx::A shape and Gutters::row_3,Water consumption in glasshouse new cycle - original data.xlsx,A shape and Gutters,3,2025-08-17T13:37:00,True,water_in_return_contains_context_or_uncertainty; how_much_consumed_contains_context_or_uncertainty; water_in_return_liters_possible_outlier; how_much_consumed_liters_possible_outlier; mins_added_minutes_possible_outlier,60L gutters supply almost empty,5 mins,180L,500 A 500 B NFT 300 A 300 B gutters,,180L just return tank (weekend),yes gutters alot and NFT a little,192 basil and pepper gutters,lights off,,,,,,,2025-08-17 00:00:00,180L just return tank (weekend),yes gutters alot and NFT a little,5 mins,-,,180L,,13:37:00,60L gutters supply almost empty,,5.0,parsed,60.0,parsed,180.0,parsed,180.0,parsed,,missing,,missing,True,lights off,192 basil and pepper gutters,True,False,True,False,False,True,,2025-08-17,192 basil and pepper gutters,,180L just return tank (weekend),180.0,2025-08-17T13:37:00,yes gutters alot and NFT a little,5 mins,5.0,500 A 500 B NFT 300 A 300 B gutters,,,,192 basil and pepper gutters,lights off,lights off,,180L,180.0,,13:37:00,60L gutters supply almost empty,60.0,,,parsed,parsed,parsed,parsed,parsed,parsed,missing,missing
cleaned_data.csv,66,cleaned_data.csv::row_66,2025-08-18,12:15:00,2025-08-18T12:15:00,True,water_in_return_quantity_requires_review; how_much_consumed_liters_possible_outlier,False,,Water consumption in glasshouse new cycle - original data.xlsx::A shape and Gutters::row_4,Water consumption in glasshouse new cycle - original data.xlsx,A shape and Gutters,4,2025-08-18T12:15:00,True,water_in_return_quantity_requires_review; how_much_consumed_liters_possible_outlier,70L gutters supply missing 2-3L,3 mins,126L,,,113L return+gutters supply,yes gutters alot and NFT a little,192 basil and pepper gutters,lights off,,,,,,,2025-08-18 00:00:00,113L return+gutters supply,yes gutters alot and NFT a little,3 mins,-,,126L,,12:15:00,70L gutters supply missing 2-3L,,3.0,parsed,,ambiguous_range,126.0,parsed,113.0,parsed,,missing,,missing,True,lights off,192 basil and pepper gutters,False,False,True,False,False,False,,2025-08-18,192 basil and pepper gutters,,113L return+gutters supply,113.0,2025-08-18T12:15:00,yes gutters alot and NFT a little,3 mins,3.0,,,,,192 basil and pepper gutters,lights off,lights off,,126L,126.0,,12:15:00,70L gutters supply missing 2-3L,,,,parsed,parsed,parsed,missing,parsed,parsed,missing,missing
cleaned_data.csv,67,cleaned_data.csv::row_67,2025-08-19,11:37:00,2025-08-19T11:37:00,True,mins_added_duration_requires_review,False,,Water consumption in glasshouse new cycle - original data.xlsx::A shape and Gutters::row_5,Water consumption in glasshouse new cycle - original data.xlsx,A shape and Gutters,5,2025-08-19T11:37:00,True,mins_added_not_machine_parseable,80L,manually,190L,,,46L,yes gutters alot and NFT a little,192 basil and pepper gutters,lights off,,,,,,,2025-08-19 00:00:00,46L,yes gutters alot and NFT a little,manually,-,,190L,,11:37:00,80L,,,manual_entry,80.0,parsed,190.0,parsed,46.0,parsed,,missing,,missing,True,lights off,192 basil and pepper gutters,False,False,False,False,False,False,,2025-08-19,192 basil and pepper gutters,,46L,46.0,2025-08-19T11:37:00,yes gutters alot and NFT a little,manually,,,,,,192 basil and pepper gutters,lights off,lights off,,190L,190.0,,11:37:00,80L,80.0,,,parsed,manual_entry,missing,parsed,parsed,parsed,missing,missing
cleaned_data.csv,68,cleaned_data.csv::row_68,2025-08-20,11:50:00,2025-08-20T11:50:00,True,mins_added_duration_requires_review,False,,Water consumption in glasshouse new cycle - original data.xlsx::A shape and Gutters::row_6,Water consumption in glasshouse new cycle - original data.xlsx,A shape and Gutters,6,2025-08-20T11:50:00,True,mins_added_not_machine_parseable,124L,manually,197L,,,66L,yes gutters alot and NFT a little,192 basil and pepper gutters,lights off,,,,,,,2025-08-20 00:00:00,66L,yes gutters alot and NFT a little,manually,-,,197L,,11:50:00,124L,,,manual_entry,124.0,parsed,197.0,parsed,66.0,parsed,,missing,,missing,True,lights off,192 basil and pepper gutters,False,False,False,False,False,False,,2025-08-20,192 basil and pepper gutters,,66L,66.0,2025-08-20T11:50:00,yes gutters alot and NFT a little,manually,,,,,,192 basil and pepper gutters,lights off,lights off,,197L,197.0,,11:50:00,124L,124.0,,,parsed,manual_entry,missing,parsed,parsed,parsed,missing,missing
cleaned_data.csv,69,cleaned_data.csv::row_69,2025-08-20,12:58:00,2025-08-20T12:58:00,True,how_much_consumed_contains_context_or_uncertainty,False,,Water consumption in glasshouse new cycle - original data.xlsx::A shape and Gutters::row_7,Water consumption in glasshouse new cycle - original data.xlsx,A shape and Gutters,7,2025-08-20T12:58:00,True,how_much_consumed_contains_context_or_uncertainty,195L,,,,,2L in 1 cycle!,yes gutters alot and NFT a little,192 basil and pepper gutters,lights off,,,,,,,2025-08-20 00:00:00,2L in 1 cycle!,yes gutters alot and NFT a little,-,-,,-,,12:58:00,195L,,,missing,195.0,parsed,,missing,2.0,parsed,,missing,,missing,True,lights off,192 basil and pepper gutters,False,False,False,False,False,False,,2025-08-20,192 basil and pepper gutters,,2L in 1 cycle!,2.0,2025-08-20T12:58:00,yes gutters alot and NFT a little,,,,,,,192 basil and pepper gutters,lights off,lights off,,,,,12:58:00,195L,195.0,,,parsed,missing,missing,parsed,missing,parsed,missing,missing
cleaned_data.csv,71,cleaned_data.csv::row_71,2025-08-22,11:27:00,2025-08-22T11:27:00,True,ph_down_quantity_requires_review,False,,Water consumption in glasshouse new cycle - original data.xlsx::A shape and Gutters::row_9,Water consumption in glasshouse new cycle - original data.xlsx,A shape and Gutters,9,2025-08-22T11:27:00,True,ph_down_quantity_requires_review; mins_added_minutes_possible_outlier,125L,4 mins,200L,,10ml NFT 5ml gutters,60L,yes gutters alot and NFT a little,192 basil and pepper gutters,,,,,,,,2025-08-22 00:00:00,60L,yes gutters alot and NFT a little,4 mins,10ml NFT 5ml gutters,,200L,,11:27:00,125L,,4.0,parsed,125.0,parsed,200.0,parsed,60.0,parsed,,missing,,ambiguous_multiple_quantities,True,,192 basil and pepper gutters,False,False,False,False,False,False,,2025-08-22,192 basil and pepper gutters,,60L,60.0,2025-08-22T11:27:00,yes gutters alot and NFT a little,4 mins,4.0,,10ml NFT 5ml gutters,,,192 basil and pepper gutters,,,,200L,200.0,,11:27:00,125L,125.0,,,parsed,parsed,parsed,parsed,parsed,parsed,missing,missing
cleaned_data.csv,72,cleaned_data.csv::row_72,2025-08-25,08:51:00,2025-08-25T08:51:00,True,how_much_consumed_contains_context_or_uncertainty; ph_down_quantity_requires_review,False,,Water consumption in glasshouse new cycle - original data.xlsx::A shape and Gutters::row_10,Water consumption in glasshouse new cycle - original data.xlsx,A shape and Gutters,10,2025-08-25T08:51:00,True,how_much_consumed_contains_context_or_uncertainty; ph_down_quantity_requires_review,150L,,,,10ml NFT 5ml Gutters,50L (weekend),yes gutters a bit and NFT abit,192 basil and pepper gutters,,,,,,,,2025-08-25 00:00:00,50L (weekend),yes gutters a bit and NFT abit,-,10ml NFT 5ml Gutters,,-,,08:51:00,150L,,,missing,150.0,parsed,,missing,50.0,parsed,,missing,,ambiguous_multiple_quantities,True,,192 basil and pepper gutters,False,False,False,False,False,False,,2025-08-25,192 basil and pepper gutters,,50L (weekend),50.0,2025-08-25T08:51:00,yes gutters a bit and NFT abit,,,,10ml NFT 5ml Gutters,,,192 basil and pepper gutters,,,,,,,08:51:00,150L,150.0,,,parsed,missing,missing,parsed,missing,parsed,missing,missing
cleaned_data.csv,73,cleaned_data.csv::row_73,2025-08-25,10:54:00,2025-08-25T10:54:00,True,mins_added_duration_requires_review,False,,Water consumption in glasshouse new cycle - original data.xlsx::A shape and Gutters::row_11,Water consumption in glasshouse new cycle - original data.xlsx,A shape and Gutters,11,2025-08-25T10:54:00,True,mins_added_not_machine_parseable,150L,manually,200L,,,,yes gutters a bit and NFT abit,192 basil and pepper gutters,,,,,,,,2025-08-25 00:00:00,-,yes gutters a bit and NFT abit,manually,-,,200L,,10:54:00,150L,,,manual_entry,150.0,parsed,200.0,parsed,,missing,,missing,,missing,True,,192 basil and pepper gutters,False,False,False,False,False,False,,2025-08-25,192 basil and pepper gutters,,,,2025-08-25T10:54:00,yes gutters a bit and NFT abit,manually,,,,,,192 basil and pepper gutters,,,,200L,200.0,,10:54:00,150L,150.0,,,parsed,manual_entry,missing,parsed,parsed,missing,missing,missing
cleaned_data.csv,78,cleaned_data.csv::row_78,2025-08-29,12:47:00,2025-08-29T12:47:00,True,ph_down_quantity_requires_review,False,,Water consumption in glasshouse new cycle - original data.xlsx::A shape and Gutters::row_16,Water consumption in glasshouse new cycle - original data.xlsx,A shape and Gutters,16,2025-08-29T12:47:00,True,ph_down_quantity_requires_review,135L,2 mins,195L,500 A 500 B NFT,10ml NFT 5ml gutters,25L,yes gutters a bit and NFT abit,192 basil and pepper gutters,,,,,,,,2025-08-29 00:00:00,25L,yes gutters a bit and NFT abit,2 mins,10ml NFT 5ml gutters,,195L,,12:47:00,135L,,2.0,parsed,135.0,parsed,195.0,parsed,25.0,parsed,,missing,,ambiguous_multiple_quantities,True,,192 basil and pepper gutters,False,False,False,False,False,False,,2025-08-29,192 basil and pepper gutters,,25L,25.0,2025-08-29T12:47:00,yes gutters a bit and NFT abit,2 mins,2.0,500 A 500 B NFT,10ml NFT 5ml gutters,,,192 basil and pepper gutters,,,,195L,195.0,,12:47:00,135L,135.0,,,parsed,parsed,parsed,parsed,parsed,parsed,missing,missing
cleaned_data.csv,79,cleaned_data.csv::row_79,2025-09-01,12:39:00,2025-09-01T12:39:00,True,how_much_consumed_contains_context_or_uncertainty,False,,Water consumption in glasshouse new cycle - original data.xlsx::A shape and Gutters::row_17,Water consumption in glasshouse new cycle - original data.xlsx,A shape and Gutters,17,2025-09-01T12:39:00,True,how_much_consumed_contains_context_or_uncertainty,130L,,,,,65L (weekend),yes gutters a bit and NFT abit,192 basil and pepper gutters,,,,,,,,2025-09-01 00:00:00,65L (weekend),yes gutters a bit and NFT abit,-,-,,-,,12:39:00,130L,,,missing,130.0,parsed,,missing,65.0,parsed,,missing,,missing,True,,192 basil and pepper gutters,False,False,False,False,False,False,,2025-09-01,192 basil and pepper gutters,,65L (weekend),65.0,2025-09-01T12:39:00,yes gutters a bit and NFT abit,,,,,,,192 basil and pepper gutters,,,,,,,12:39:00,130L,130.0,,,parsed,missing,missing,parsed,missing,parsed,missing,missing
cleaned_data.csv,80,cleaned_data.csv::row_80,2025-09-02,10:51:00,2025-09-02T10:51:00,True,mins_added_duration_requires_review,False,,Water consumption in glasshouse new cycle - original data.xlsx::A shape and Gutters::row_18,Water consumption in glasshouse new cycle - original data.xlsx,A shape and Gutters,18,2025-09-02T10:51:00,True,mins_added_not_machine_parseable,110L,manually,150L,,,20L,yes gutters a bit and NFT abit,192 basil and pepper gutters,,,,,,,,2025-09-02 00:00:00,20L,yes gutters a bit and NFT abit,manually,-,,150L,,10:51:00,110L,,,manual_entry,110.0,parsed,150.0,parsed,20.0,parsed,,missing,,missing,True,,192 basil and pepper gutters,False,False,False,False,False,False,,2025-09-02,192 basil and pepper gutters,,20L,20.0,2025-09-02T10:51:00,yes gutters a bit and NFT abit,manually,,,,,,192 basil and pepper gutters,,,,150L,150.0,,10:51:00,110L,110.0,,,parsed,manual_entry,missing,parsed,parsed,parsed,missing,missing
cleaned_data.csv,81,cleaned_data.csv::row_81,2025-09-03,08:34:00,2025-09-03T08:34:00,True,ph_down_quantity_requires_review,False,,Water consumption in glasshouse new cycle - original data.xlsx::A shape and Gutters::row_19,Water consumption in glasshouse new cycle - original data.xlsx,A shape and Gutters,19,2025-09-03T08:34:00,True,ph_down_quantity_requires_review,126L,2 min 30 sec,180L,,10ml 5ml,24L,yes gutters a bit and NFT abit,192 basil and pepper gutters,,,,,,,,2025-09-03 00:00:00,24L,yes gutters a bit and NFT abit,2 min 30 sec,10ml 5ml,,180L,,08:34:00,126L,,2.5,parsed,126.0,parsed,180.0,parsed,24.0,parsed,,missing,,ambiguous_multiple_quantities,True,,192 basil and pepper gutters,False,False,False,False,False,False,,2025-09-03,192 basil and pepper gutters,,24L,24.0,2025-09-03T08:34:00,yes gutters a bit and NFT abit,2 min 30 sec,2.5,,10ml 5ml,,,192 basil and pepper gutters,,,,180L,180.0,,08:34:00,126L,126.0,,,parsed,parsed,parsed,parsed,parsed,parsed,missing,missing
cleaned_data.csv,83,cleaned_data.csv::row_83,2025-09-05,14:07:00,2025-09-05T14:07:00,True,mins_added_duration_requires_review; water_in_return_liters_possible_outlier,False,,Water consumption in glasshouse new cycle - original data.xlsx::A shape and Gutters::row_21,Water consumption in glasshouse new cycle - original data.xlsx,A shape and Gutters,21,2025-09-05T14:07:00,True,mins_added_not_machine_parseable,210L,manually,215L,300 A 300 B,,,yes gutters a bit and NFT abit,192 basil and pepper gutters,,,,,,,,2025-09-05 00:00:00,-,yes gutters a bit and NFT abit,manually,-,,215L,,14:07:00,210L,,,manual_entry,210.0,parsed,215.0,parsed,,missing,,missing,,missing,True,,192 basil and pepper gutters,True,False,False,False,False,False,,2025-09-05,192 basil and pepper gutters,,,,2025-09-05T14:07:00,yes gutters a bit and NFT abit,manually,,300 A 300 B,,,,192 basil and pepper gutters,,,,215L,215.0,,14:07:00,210L,210.0,,,parsed,manual_entry,missing,parsed,parsed,missing,missing,missing
cleaned_data.csv,84,cleaned_data.csv::row_84,2025-09-08,08:48:00,2025-09-08T08:48:00,True,how_much_consumed_contains_context_or_uncertainty,False,,Water consumption in glasshouse new cycle - original data.xlsx::A shape and Gutters::row_22,Water consumption in glasshouse new cycle - original data.xlsx,A shape and Gutters,22,2025-09-08T08:48:00,True,how_much_consumed_contains_context_or_uncertainty,160L,,,,,55L (weekend),yes gutters a bit and NFT abit,192 basil and pepper gutters,,,,,,,,2025-09-08 00:00:00,55L (weekend),yes gutters a bit and NFT abit,-,-,,-,,08:48:00,160L,,,missing,160.0,parsed,,missing,55.0,parsed,,missing,,missing,True,,192 basil and pepper gutters,False,False,False,False,False,False,,2025-09-08,192 basil and pepper gutters,,55L (weekend),55.0,2025-09-08T08:48:00,yes gutters a bit and NFT abit,,,,,,,192 basil and pepper gutters,,,,,,,08:48:00,160L,160.0,,,parsed,missing,missing,parsed,missing,parsed,missing,missing
cleaned_data.csv,88,cleaned_data.csv::row_88,2025-09-11,10:11:00,2025-09-11T10:11:00,True,ph_down_quantity_requires_review,False,,Water consumption in glasshouse new cycle - original data.xlsx::A shape and Gutters::row_26,Water consumption in glasshouse new cycle - original data.xlsx,A shape and Gutters,26,2025-09-11T10:11:00,True,ph_down_quantity_requires_review,150L,2 mins,220L,,10ml NFT 5ml gutters,10L,no,192 basil and pepper gutters,,,,,,,,2025-09-11 00:00:00,10L,no,2 mins,10ml NFT 5ml gutters,,220L,,10:11:00,150L,,2.0,parsed,150.0,parsed,220.0,parsed,10.0,parsed,,missing,,ambiguous_multiple_quantities,False,,192 basil and pepper gutters,False,False,False,False,False,False,,2025-09-11,192 basil and pepper gutters,,10L,10.0,2025-09-11T10:11:00,no,2 mins,2.0,,10ml NFT 5ml gutters,,,192 basil and pepper gutters,,,,220L,220.0,,10:11:00,150L,150.0,,,parsed,parsed,parsed,parsed,parsed,parsed,missing,missing
cleaned_data.csv,90,cleaned_data.csv::row_90,2025-09-15,08:28:00,2025-09-15T08:28:00,True,how_much_consumed_contains_context_or_uncertainty,False,,Water consumption in glasshouse new cycle - original data.xlsx::A shape and Gutters::row_28,Water consumption in glasshouse new cycle - original data.xlsx,A shape and Gutters,28,2025-09-15T08:28:00,True,how_much_consumed_contains_context_or_uncertainty,125L,1 min,150L,,5ml gutters,75L (weekend),no,,,,,,,,,2025-09-15 00:00:00,75L (weekend),no,1 min,5ml gutters,,150L,,08:28:00,125L,,1.0,parsed,125.0,parsed,150.0,parsed,75.0,parsed,,missing,5.0,parsed,False,,,False,False,False,False,False,False,,2025-09-15,,,75L (weekend),75.0,2025-09-15T08:28:00,no,1 min,1.0,,5ml gutters,5.0,,,,,,150L,150.0,,08:28:00,125L,125.0,,,parsed,parsed,parsed,parsed,parsed,parsed,missing,parsed
cleaned_data.csv,101,cleaned_data.csv::row_101,2025-09-25,08:00:00,2025-09-25T08:00:00,True,ph_down_quantity_requires_review,False,,Water consumption in glasshouse new cycle - original data.xlsx::A shape and Gutters::row_39,Water consumption in glasshouse new cycle - original data.xlsx,A shape and Gutters,39,2025-09-25T08:00:00,True,ph_down_quantity_requires_review,135L,1 min,170L,,10ml NFT 5ml Gutters,15L,major leaking A shape,,,,,,,,,2025-09-25 00:00:00,15L,major leaking A shape,1 min,10ml NFT 5ml Gutters,,170L,,08:00:00,135L,,1.0,parsed,135.0,parsed,170.0,parsed,15.0,parsed,,missing,,ambiguous_multiple_quantities,True,,,False,False,False,False,False,False,,2025-09-25,,,15L,15.0,2025-09-25T08:00:00,major leaking A shape,1 min,1.0,,10ml NFT 5ml Gutters,,,,,,,170L,170.0,,08:00:00,135L,135.0,,,parsed,parsed,parsed,parsed,parsed,parsed,missing,missing
cleaned_data.csv,103,cleaned_data.csv::row_103,2025-09-26,16:02:00,2025-09-26T16:02:00,True,water_in_return_liters_possible_outlier,False,,Water consumption in glasshouse new cycle - original data.xlsx::A shape and Gutters::row_41,Water consumption in glasshouse new cycle - original data.xlsx,A shape and Gutters,41,2025-09-26T16:02:00,False,,202L,,,,,8L,minor leak in A shape,,,,,,,,,2025-09-26 00:00:00,8L,minor leak in A shape,-,-,,-,,16:02:00,202L,,,missing,202.0,parsed,,missing,8.0,parsed,,missing,,missing,True,,,True,False,False,False,False,False,,2025-09-26,,,8L,8.0,2025-09-26T16:02:00,minor leak in A shape,,,,,,,,,,,,,,16:02:00,202L,202.0,,,parsed,missing,missing,parsed,missing,parsed,missing,missing
cleaned_data.csv,104,cleaned_data.csv::row_104,2025-09-29,09:30:00,2025-09-29T09:30:00,True,how_much_consumed_contains_context_or_uncertainty,False,,Water consumption in glasshouse new cycle - original data.xlsx::A shape and Gutters::row_42,Water consumption in glasshouse new cycle - original data.xlsx,A shape and Gutters,42,2025-09-29T09:30:00,True,how_much_consumed_contains_context_or_uncertainty,155L,,,,5ml gutters,47L (weekend),minor leak in A shape,,,,,,,,,2025-09-29 00:00:00,47L (weekend),minor leak in A shape,-,5ml gutters,,-,,09:30:00,155L,,,missing,155.0,parsed,,missing,47.0,parsed,,missing,5.0,parsed,True,,,False,False,False,False,False,False,,2025-09-29,,,47L (weekend),47.0,2025-09-29T09:30:00,minor leak in A shape,,,,5ml gutters,5.0,,,,,,,,,09:30:00,155L,155.0,,,parsed,missing,missing,parsed,missing,parsed,missing,parsed
cleaned_data.csv,106,cleaned_data.csv::row_106,2025-10-01,08:36:00,2025-10-01T08:36:00,True,ph_down_quantity_requires_review,False,,Water consumption in glasshouse new cycle - original data.xlsx::A shape and Gutters::row_44,Water consumption in glasshouse new cycle - original data.xlsx,A shape and Gutters,44,2025-10-01T08:36:00,True,ph_down_quantity_requires_review,140L,30 secs,160L,,10ml NFT 2ml Gutters,30L (major leak),major leaking in A shape,,,,,,,,,2025-10-01 00:00:00,30L (major leak),major leaking in A shape,30 secs,10ml NFT 2ml Gutters,,160L,,08:36:00,140L,,0.5,parsed,140.0,parsed,160.0,parsed,30.0,parsed,,missing,,ambiguous_multiple_quantities,True,,,False,False,False,False,False,False,,2025-10-01,,,30L (major leak),30.0,2025-10-01T08:36:00,major leaking in A shape,30 secs,0.5,,10ml NFT 2ml Gutters,,,,,,,160L,160.0,,08:36:00,140L,140.0,,,parsed,parsed,parsed,parsed,parsed,parsed,missing,missing
cleaned_data.csv,112,cleaned_data.csv::row_112,2025-10-07,15:54:00,2025-10-07T15:54:00,True,water_in_return_liters_possible_outlier,False,,Water consumption in glasshouse new cycle - original data.xlsx::A shape and Gutters::row_50,Water consumption in glasshouse new cycle - original data.xlsx,A shape and Gutters,50,2025-10-07T15:54:00,False,,202L,,,450A 450B to gutters 4L 400A 4L 400B NFT,,,minor leak in A shape,Peppers only,,,,,,,,2025-10-07 00:00:00,-,minor leak in A shape,-,-,,-,,15:54:00,202L,,,missing,202.0,parsed,,missing,,missing,,missing,,missing,True,,Peppers only,True,False,False,False,False,False,,2025-10-07,Peppers only,,,,2025-10-07T15:54:00,minor leak in A shape,,,450A 450B to gutters 4L 400A 4L 400B NFT,,,,Peppers only,,,,,,,15:54:00,202L,202.0,,,parsed,missing,missing,parsed,missing,missing,missing,missing
cleaned_data.csv,116,cleaned_data.csv::row_116,2025-10-13,09:40:00,2025-10-13T09:40:00,True,how_much_consumed_contains_context_or_uncertainty,False,,Water consumption in glasshouse new cycle - original data.xlsx::A shape and Gutters::row_54,Water consumption in glasshouse new cycle - original data.xlsx,A shape and Gutters,54,2025-10-13T09:40:00,True,how_much_consumed_contains_context_or_uncertainty,150L,,,,,50L (weekend),leak in A shape,Peppers only,,,,,,,,2025-10-13 00:00:00,50L (weekend),leak in A shape,-,-,,-,,09:40:00,150L,,,missing,150.0,parsed,,missing,50.0,parsed,,missing,,missing,True,,Peppers only,False,False,False,False,False,False,,2025-10-13,Peppers only,,50L (weekend),50.0,2025-10-13T09:40:00,leak in A shape,,,,,,,Peppers only,,,,,,,09:40:00,150L,150.0,,,parsed,missing,missing,parsed,missing,parsed,missing,missing
cleaned_data.csv,117,cleaned_data.csv::row_117,2025-10-14,16:23:00,2025-10-14T16:23:00,True,water_in_return_liters_possible_outlier,False,,Water consumption in glasshouse new cycle - original data.xlsx::A shape and Gutters::row_55,Water consumption in glasshouse new cycle - original data.xlsx,A shape and Gutters,55,2025-10-14T16:23:00,False,,202L,,,2L A 2L B NFT 200ml A 200ml B gutters,,,leak in A shape,Peppers only,"major problem, the tanks were empty when I arrived in the morning and pump was lighting red and no one understands where the water went so everything was refilled with RO water",,,,,,,2025-10-14 00:00:00,-,leak in A shape,-,-,,-,,16:23:00,202L,,,missing,202.0,parsed,,missing,,missing,,missing,,missing,True,"major problem, the tanks were empty when I arrived in the morning and pump was lighting red and no one understands where the water went so everything was refilled with RO water",Peppers only,True,False,False,False,False,False,,2025-10-14,Peppers only,,,,2025-10-14T16:23:00,leak in A shape,,,2L A 2L B NFT 200ml A 200ml B gutters,,,,Peppers only,"major problem, the tanks were empty when I arrived in the morning and pump was lighting red and no one understands where the water went so everything was refilled with RO water","major problem, the tanks were empty when I arrived in the morning and pump was lighting red and no one understands where the water went so everything was refilled with RO water",,,,,16:23:00,202L,202.0,,,parsed,missing,missing,parsed,missing,missing,missing,missing
cleaned_data.csv,121,cleaned_data.csv::row_121,2025-10-20,08:31:00,2025-10-20T08:31:00,True,how_much_consumed_contains_context_or_uncertainty,False,,Water consumption in glasshouse new cycle - original data.xlsx::A shape and Gutters::row_59,Water consumption in glasshouse new cycle - original data.xlsx,A shape and Gutters,59,2025-10-20T08:31:00,True,how_much_consumed_contains_context_or_uncertainty,150L,2 mins,230L,60ml A 60ml B,,46L (weekend),major leaking in A shape,Peppers only,,,,,,,,2025-10-20 00:00:00,46L (weekend),major leaking in A shape,2 mins,-,,230L,,08:31:00,150L,,2.0,parsed,150.0,parsed,230.0,parsed,46.0,parsed,,missing,,missing,True,,Peppers only,False,False,False,False,False,False,,2025-10-20,Peppers only,,46L (weekend),46.0,2025-10-20T08:31:00,major leaking in A shape,2 mins,2.0,60ml A 60ml B,,,,Peppers only,,,,230L,230.0,,08:31:00,150L,150.0,,,parsed,parsed,parsed,parsed,parsed,parsed,missing,missing
cleaned_data.csv,122,cleaned_data.csv::row_122,2025-10-21,09:47:00,2025-10-21T09:47:00,True,water_in_return_liters_possible_outlier,False,,Water consumption in glasshouse new cycle - original data.xlsx::A shape and Gutters::row_60,Water consumption in glasshouse new cycle - original data.xlsx,A shape and Gutters,60,2025-10-21T09:47:00,False,,205L,,,,,25L,major leaking in A shape,Peppers only,,,,,,,,2025-10-21 00:00:00,25L,major leaking in A shape,-,-,,-,,09:47:00,205L,,,missing,205.0,parsed,,missing,25.0,parsed,,missing,,missing,True,,Peppers only,True,False,False,False,False,False,,2025-10-21,Peppers only,,25L,25.0,2025-10-21T09:47:00,major leaking in A shape,,,,,,,Peppers only,,,,,,,09:47:00,205L,205.0,,,parsed,missing,missing,parsed,missing,parsed,missing,missing
cleaned_data.csv,126,cleaned_data.csv::row_126,2025-10-27,08:34:00,2025-10-27T08:34:00,True,how_much_consumed_contains_context_or_uncertainty,False,,Water consumption in glasshouse new cycle - original data.xlsx::A shape and Gutters::row_64,Water consumption in glasshouse new cycle - original data.xlsx,A shape and Gutters,64,2025-10-27T08:34:00,True,how_much_consumed_contains_context_or_uncertainty,135L,1 min,165L,,,45L (weekend),major leaking in A shape,Peppers only,,,,,,,,2025-10-27 00:00:00,45L (weekend),major leaking in A shape,1 min,-,,165L,,08:34:00,135L,,1.0,parsed,135.0,parsed,165.0,parsed,45.0,parsed,,missing,,missing,True,,Peppers only,False,False,False,False,False,False,,2025-10-27,Peppers only,,45L (weekend),45.0,2025-10-27T08:34:00,major leaking in A shape,1 min,1.0,,,,,Peppers only,,,,165L,165.0,,08:34:00,135L,135.0,,,parsed,parsed,parsed,parsed,parsed,parsed,missing,missing
cleaned_data.csv,132,cleaned_data.csv::row_132,2025-11-03,09:24:00,2025-11-03T09:24:00,True,how_much_consumed_contains_context_or_uncertainty,False,,Water consumption in glasshouse new cycle - original data.xlsx::A shape and Gutters::row_70,Water consumption in glasshouse new cycle - original data.xlsx,A shape and Gutters,70,2025-11-03T09:24:00,True,how_much_consumed_contains_context_or_uncertainty,155L,,,,,45L (weekend),major leaking in A shape,Peppers only,,,,,,,,2025-11-03 00:00:00,45L (weekend),major leaking in A shape,-,-,,-,,09:24:00,155L,,,missing,155.0,parsed,,missing,45.0,parsed,,missing,,missing,True,,Peppers only,False,False,False,False,False,False,,2025-11-03,Peppers only,,45L (weekend),45.0,2025-11-03T09:24:00,major leaking in A shape,,,,,,,Peppers only,,,,,,,09:24:00,155L,155.0,,,parsed,missing,missing,parsed,missing,parsed,missing,missing
cleaned_data.csv,137,cleaned_data.csv::row_137,2025-11-10,08:48:00,2025-11-10T08:48:00,True,how_much_consumed_contains_context_or_uncertainty,False,,Water consumption in glasshouse new cycle - original data.xlsx::A shape and Gutters::row_75,Water consumption in glasshouse new cycle - original data.xlsx,A shape and Gutters,75,2025-11-10T08:48:00,True,how_much_consumed_contains_context_or_uncertainty,160L,,,,,40L (weekend),leaking in A shape and gutters now too,Peppers only,gutters leak is around 2L and A shape 2L and more,,,,,,,2025-11-10 00:00:00,40L (weekend),leaking in A shape and gutters now too,-,-,,-,,08:48:00,160L,,,missing,160.0,parsed,,missing,40.0,parsed,,missing,,missing,True,gutters leak is around 2L and A shape 2L and more,Peppers only,False,False,False,False,False,False,,2025-11-10,Peppers only,,40L (weekend),40.0,2025-11-10T08:48:00,leaking in A shape and gutters now too,,,,,,,Peppers only,gutters leak is around 2L and A shape 2L and more,gutters leak is around 2L and A shape 2L and more,,,,,08:48:00,160L,160.0,,,parsed,missing,missing,parsed,missing,parsed,missing,missing
cleaned_data.csv,142,cleaned_data.csv::row_142,2025-11-17,09:43:00,2025-11-17T09:43:00,True,how_much_consumed_contains_context_or_uncertainty,False,,Water consumption in glasshouse new cycle - original data.xlsx::A shape and Gutters::row_80,Water consumption in glasshouse new cycle - original data.xlsx,A shape and Gutters,80,2025-11-17T09:43:00,True,how_much_consumed_contains_context_or_uncertainty,150L,,,,,50L (weekend),Major leaking in A shape from temporary tank as well,Peppers only,,,,,,,,2025-11-17 00:00:00,50L (weekend),Major leaking in A shape from temporary tank as well,-,-,,-,,09:43:00,150L,,,missing,150.0,parsed,,missing,50.0,parsed,,missing,,missing,True,,Peppers only,False,False,False,False,False,False,,2025-11-17,Peppers only,,50L (weekend),50.0,2025-11-17T09:43:00,Major leaking in A shape from temporary tank as well,,,,,,,Peppers only,,,,,,,09:43:00,150L,150.0,,,parsed,missing,missing,parsed,missing,parsed,missing,missing
cleaned_data.csv,152,cleaned_data.csv::row_152,2025-12-01,12:06:00,2025-12-01T12:06:00,True,how_much_consumed_contains_context_or_uncertainty,False,,Water consumption in glasshouse new cycle - original data.xlsx::A shape and Gutters::row_90,Water consumption in glasshouse new cycle - original data.xlsx,A shape and Gutters,90,2025-12-01T12:06:00,True,how_much_consumed_contains_context_or_uncertainty,150L,1 min 45 secs,210L (12:52 PM),300A 300B,,55L (weekend),so much leaking,Peppers only,,,,,,,,2025-12-01 00:00:00,55L (weekend),so much leaking,1 min 45 secs,-,,210L (12:52 PM),,12:06:00,150L,,1.75,parsed,150.0,parsed,210.0,parsed,55.0,parsed,,missing,,missing,True,,Peppers only,False,False,False,False,False,False,,2025-12-01,Peppers only,,55L (weekend),55.0,2025-12-01T12:06:00,so much leaking,1 min 45 secs,1.75,300A 300B,,,,Peppers only,,,,210L (12:52 PM),210.0,,12:06:00,150L,150.0,,,parsed,parsed,parsed,parsed,parsed,parsed,missing,missing
cleaned_data.csv,157,cleaned_data.csv::row_157,2025-12-09,13:03:00,2025-12-09T13:03:00,True,mins_added_duration_requires_review,False,,Water consumption in glasshouse new cycle - original data.xlsx::A shape and Gutters::row_95,Water consumption in glasshouse new cycle - original data.xlsx,A shape and Gutters,95,2025-12-09T13:03:00,True,mins_added_not_machine_parseable,115L,manually,160L (1:30 PM),,,30L,so much leaking,Peppers only,,,,,,,,2025-12-09 00:00:00,30L,so much leaking,manually,-,,160L (1:30 PM),,13:03:00,115L,,,manual_entry,115.0,parsed,160.0,parsed,30.0,parsed,,missing,,missing,True,,Peppers only,False,False,False,False,False,False,,2025-12-09,Peppers only,,30L,30.0,2025-12-09T13:03:00,so much leaking,manually,,,,,,Peppers only,,,,160L (1:30 PM),160.0,,13:03:00,115L,115.0,,,parsed,manual_entry,missing,parsed,parsed,parsed,missing,missing
cleaned_data.csv,158,cleaned_data.csv::row_158,2025-12-10,10:30:00,2025-12-10T10:30:00,True,mins_added_duration_requires_review,False,,Water consumption in glasshouse new cycle - original data.xlsx::A shape and Gutters::row_96,Water consumption in glasshouse new cycle - original data.xlsx,A shape and Gutters,96,2025-12-10T10:30:00,True,mins_added_not_machine_parseable,145L,manually,200L (11:29 AM),300A 300B,,15L,so much leaking,Peppers only,,,,,,,,2025-12-10 00:00:00,15L,so much leaking,manually,-,,200L (11:29 AM),,10:30:00,145L,,,manual_entry,145.0,parsed,200.0,parsed,15.0,parsed,,missing,,missing,True,,Peppers only,False,False,False,False,False,False,,2025-12-10,Peppers only,,15L,15.0,2025-12-10T10:30:00,so much leaking,manually,,300A 300B,,,,Peppers only,,,,200L (11:29 AM),200.0,,10:30:00,145L,145.0,,,parsed,manual_entry,missing,parsed,parsed,parsed,missing,missing
cleaned_data.csv,160,cleaned_data.csv::row_160,2025-12-12,11:07:00,2025-12-12T11:07:00,True,mins_added_duration_requires_review,False,,Water consumption in glasshouse new cycle - original data.xlsx::A shape and Gutters::row_98,Water consumption in glasshouse new cycle - original data.xlsx,A shape and Gutters,98,2025-12-12T11:07:00,True,mins_added_not_machine_parseable,160L,end of cycle,,,,,so much leaking,Peppers only,,,,,,,,2025-12-12 00:00:00,-,so much leaking,end of cycle,-,,-,,11:07:00,160L,,,no_duration_pattern,160.0,parsed,,missing,,missing,,missing,,missing,True,,Peppers only,False,False,False,False,False,False,,2025-12-12,Peppers only,,,,2025-12-12T11:07:00,so much leaking,end of cycle,,,,,,Peppers only,,,,,,,11:07:00,160L,160.0,,,parsed,no_duration_pattern,missing,parsed,missing,missing,missing,missing
cleaned_data.csv,164,cleaned_data.csv::row_164,2025-06-10,12:10:00,2025-06-10T12:10:00,True,watered_amount_contains_context_or_uncertainty,False,,Water consumption in glasshouse new cycle - original data.xlsx::Conventional::row_5,Water consumption in glasshouse new cycle - original data.xlsx,Conventional,5,2025-06-10T12:10:00,True,watered_amount_contains_context_or_uncertainty,,,,,,,,,,arugula and lettuce,seedlings,7 days,1L (watered over weekend),12 arugula 12 lettuce,,2025-06-10 00:00:00,,,,,arugula and lettuce,,seedlings,12:10:00,,1L (watered over weekend),,missing,,missing,,missing,,missing,1.0,parsed,,missing,,,12 arugula 12 lettuce,False,False,False,False,False,False,7 days,2025-06-10,,12 arugula 12 lettuce,,,2025-06-10T12:10:00,,,,,,,arugula and lettuce,12 arugula 12 lettuce,,,,,,seedlings,12:10:00,,,1L (watered over weekend),1.0,parsed,missing,missing,missing,missing,missing,parsed,missing
cleaned_data.csv,176,cleaned_data.csv::row_176,2025-06-23,11:15:00,2025-06-23T11:15:00,True,watered_amount_quantity_requires_review; watered_amount_contains_context_or_uncertainty,False,,Water consumption in glasshouse new cycle - original data.xlsx::Conventional::row_17,Water consumption in glasshouse new cycle - original data.xlsx,Conventional,17,2025-06-23T11:15:00,True,watered_amount_quantity_requires_review; watered_amount_contains_context_or_uncertainty,,,,,,,,,,arugula and lettuce and kale,seedlings,20 days (kale 4),watered over weekend alot so I didnt water them,12 arugula 12 lettuce 12 kale,,2025-06-23 00:00:00,,,,,arugula and lettuce and kale,,seedlings,11:15:00,,watered over weekend alot so I didnt water them,,missing,,missing,,missing,,missing,,no_quantity_pattern,,missing,,,12 arugula 12 lettuce 12 kale,False,False,False,False,False,False,20 days (kale 4),2025-06-23,,12 arugula 12 lettuce 12 kale,,,2025-06-23T11:15:00,,,,,,,arugula and lettuce and kale,12 arugula 12 lettuce 12 kale,,,,,,seedlings,11:15:00,,,watered over weekend alot so I didnt water them,,parsed,missing,missing,missing,missing,missing,missing,missing
cleaned_data.csv,193,cleaned_data.csv::row_193,2025-07-04,13:09:00,2025-07-04T13:09:00,True,watered_amount_quantity_requires_review,False,,Water consumption in glasshouse new cycle - original data.xlsx::Conventional::row_34,Water consumption in glasshouse new cycle - original data.xlsx,Conventional,34,2025-07-04T13:09:00,True,watered_amount_quantity_requires_review,,,,,,,,,,pepper,seeds and 98 seedlings!,16 days,1L 100ml,100 seeding tray,,2025-07-04 00:00:00,,,,,Pepper,,seeds and 98 seedlings!,13:09:00,,1L 100ml,,missing,,missing,,missing,,missing,,ambiguous_multiple_quantities,,missing,,,100 seeding tray,False,False,False,False,False,False,16 days,2025-07-04,,100 seeding tray,,,2025-07-04T13:09:00,,,,,,,pepper,100 seeding tray,,,,,,seeds and 98 seedlings!,13:09:00,,,1L 100ml,,parsed,missing,missing,missing,missing,missing,missing,missing
cleaned_data.csv,194,cleaned_data.csv::row_194,2025-07-07,14:06:00,2025-07-07T14:06:00,True,watered_amount_quantity_requires_review,False,,Water consumption in glasshouse new cycle - original data.xlsx::Conventional::row_35,Water consumption in glasshouse new cycle - original data.xlsx,Conventional,35,2025-07-07T14:06:00,True,watered_amount_quantity_requires_review,,,,,,,,,,arugula and lettuce and kale,seedlings,34 days (kale 18),1L 100ml,12 arugula 12 lettuce 12 kale,,2025-07-07 00:00:00,,,,,arugula and lettuce and kale,,seedlings,14:06:00,,1L 100ml,,missing,,missing,,missing,,missing,,ambiguous_multiple_quantities,,missing,,,12 arugula 12 lettuce 12 kale,False,False,False,False,False,False,34 days (kale 18),2025-07-07,,12 arugula 12 lettuce 12 kale,,,2025-07-07T14:06:00,,,,,,,arugula and lettuce and kale,12 arugula 12 lettuce 12 kale,,,,,,seedlings,14:06:00,,,1L 100ml,,parsed,missing,missing,missing,missing,missing,missing,missing
cleaned_data.csv,196,cleaned_data.csv::row_196,2025-07-08,15:05:00,2025-07-08T15:05:00,True,watered_amount_contains_context_or_uncertainty,False,,Water consumption in glasshouse new cycle - original data.xlsx::Conventional::row_37,Water consumption in glasshouse new cycle - original data.xlsx,Conventional,37,2025-07-08T15:05:00,True,watered_amount_contains_context_or_uncertainty,,,,,,,,,,arugula and lettuce and kale,seedlings,35 days (kale 19),someone watered? 4L ig,12 arugula 12 lettuce 12 kale,,2025-07-08 00:00:00,,,,,arugula and lettuce and kale,,seedlings,15:05:00,,someone watered? 4L ig,,missing,,missing,,missing,,missing,4.0,parsed,,missing,,,12 arugula 12 lettuce 12 kale,False,False,False,False,False,False,35 days (kale 19),2025-07-08,,12 arugula 12 lettuce 12 kale,,,2025-07-08T15:05:00,,,,,,,arugula and lettuce and kale,12 arugula 12 lettuce 12 kale,,,,,,seedlings,15:05:00,,,someone watered? 4L ig,4.0,parsed,missing,missing,missing,missing,missing,parsed,missing
cleaned_data.csv,197,cleaned_data.csv::row_197,2025-07-08,15:05:00,2025-07-08T15:05:00,True,watered_amount_contains_context_or_uncertainty,False,,Water consumption in glasshouse new cycle - original data.xlsx::Conventional::row_38,Water consumption in glasshouse new cycle - original data.xlsx,Conventional,38,2025-07-08T15:05:00,True,watered_amount_contains_context_or_uncertainty,,,,,,,,,,pepper,seeds and 98 seedlings!,20 days,someone watered? 1L ig,100 seeding tray,,2025-07-08 00:00:00,,,,,Pepper,,seeds and 98 seedlings!,15:05:00,,someone watered? 1L ig,,missing,,missing,,missing,,missing,1.0,parsed,,missing,,,100 seeding tray,False,False,False,False,False,False,20 days,2025-07-08,,100 seeding tray,,,2025-07-08T15:05:00,,,,,,,pepper,100 seeding tray,,,,,,seeds and 98 seedlings!,15:05:00,,,someone watered? 1L ig,1.0,parsed,missing,missing,missing,missing,missing,parsed,missing
cleaned_data.csv,198,cleaned_data.csv::row_198,2025-07-09,11:16:00,2025-07-09T11:16:00,True,watered_amount_contains_context_or_uncertainty,False,,Water consumption in glasshouse new cycle - original data.xlsx::Conventional::row_39,Water consumption in glasshouse new cycle - original data.xlsx,Conventional,39,2025-07-09T11:16:00,True,watered_amount_contains_context_or_uncertainty,,,,,,,,,,arugula and lettuce and kale,seedlings,36 days (kale 20),someone watered? 4L ig,12 arugula 12 lettuce 12 kale,arugula started turning red and whitefly infestation mainly in lettuce,2025-07-09 00:00:00,,,,,arugula and lettuce and kale,,seedlings,11:16:00,,someone watered? 4L ig,,missing,,missing,,missing,,missing,4.0,parsed,,missing,,arugula started turning red and whitefly infestation mainly in lettuce,12 arugula 12 lettuce 12 kale,False,False,False,False,False,False,36 days (kale 20),2025-07-09,,12 arugula 12 lettuce 12 kale,,,2025-07-09T11:16:00,,,,,,,arugula and lettuce and kale,12 arugula 12 lettuce 12 kale,arugula started turning red and whitefly infestation mainly in lettuce,,arugula started turning red and whitefly infestation mainly in lettuce,,,seedlings,11:16:00,,,someone watered? 4L ig,4.0,parsed,missing,missing,missing,missing,missing,parsed,missing
cleaned_data.csv,199,cleaned_data.csv::row_199,2025-07-09,11:16:00,2025-07-09T11:16:00,True,watered_amount_contains_context_or_uncertainty,False,,Water consumption in glasshouse new cycle - original data.xlsx::Conventional::row_40,Water consumption in glasshouse new cycle - original data.xlsx,Conventional,40,2025-07-09T11:16:00,True,watered_amount_contains_context_or_uncertainty,,,,,,,,,,pepper,seeds and 98 seedlings!,21 days,someone watered? 1L ig,100 seeding tray,,2025-07-09 00:00:00,,,,,Pepper,,seeds and 98 seedlings!,11:16:00,,someone watered? 1L ig,,missing,,missing,,missing,,missing,1.0,parsed,,missing,,,100 seeding tray,False,False,False,False,False,False,21 days,2025-07-09,,100 seeding tray,,,2025-07-09T11:16:00,,,,,,,pepper,100 seeding tray,,,,,,seeds and 98 seedlings!,11:16:00,,,someone watered? 1L ig,1.0,parsed,missing,missing,missing,missing,missing,parsed,missing
cleaned_data.csv,206,cleaned_data.csv::row_206,2025-07-15,14:27:00,2025-07-15T14:27:00,True,watered_amount_quantity_requires_review,False,,Water consumption in glasshouse new cycle - original data.xlsx::Conventional::row_47,Water consumption in glasshouse new cycle - original data.xlsx,Conventional,47,2025-07-15T14:27:00,True,watered_amount_quantity_requires_review,,,,,,,,,,pepper,seeds and 98 seedlings!,27 days,1L 400ml,100 seeding tray,,2025-07-15 00:00:00,,,,,Pepper,,seeds and 98 seedlings!,14:27:00,,1L 400ml,,missing,,missing,,missing,,missing,,ambiguous_multiple_quantities,,missing,,,100 seeding tray,False,False,False,False,False,False,27 days,2025-07-15,,100 seeding tray,,,2025-07-15T14:27:00,,,,,,,pepper,100 seeding tray,,,,,,seeds and 98 seedlings!,14:27:00,,,1L 400ml,,parsed,missing,missing,missing,missing,missing,missing,missing
cleaned_data.csv,229,cleaned_data.csv::row_229,2025-08-11,14:07:00,2025-08-11T14:07:00,True,watered_amount_quantity_requires_review,False,,Water consumption in glasshouse new cycle - original data.xlsx::Conventional::row_70,Water consumption in glasshouse new cycle - original data.xlsx,Conventional,70,2025-08-11T14:07:00,True,watered_amount_quantity_requires_review,,,,,,,,,,pepper,seeds and 98 seedlings!,52 days,1L 300ml,100 seeding tray,,2025-08-11 00:00:00,,,,,Pepper,,seeds and 98 seedlings!,14:07:00,,1L 300ml,,missing,,missing,,missing,,missing,,ambiguous_multiple_quantities,,missing,,,100 seeding tray,False,False,False,False,False,False,52 days,2025-08-11,,100 seeding tray,,,2025-08-11T14:07:00,,,,,,,pepper,100 seeding tray,,,,,,seeds and 98 seedlings!,14:07:00,,,1L 300ml,,parsed,missing,missing,missing,missing,missing,missing,missing
cleaned_data.csv,238,cleaned_data.csv::row_238,2025-08-20,14:38:00,2025-08-20T14:38:00,True,watered_amount_quantity_requires_review,False,,Water consumption in glasshouse new cycle - original data.xlsx::Conventional::row_79,Water consumption in glasshouse new cycle - original data.xlsx,Conventional,79,2025-08-20T14:38:00,True,watered_amount_quantity_requires_review,,,,,,,,,,arugula,seedlings,2 days,4L 100ml,94 plants,,2025-08-20 00:00:00,,,,,Arugula,,seedlings,14:38:00,,4L 100ml,,missing,,missing,,missing,,missing,,ambiguous_multiple_quantities,,missing,,,94 plants,False,False,False,False,False,False,2 days,2025-08-20,,94 plants,,,2025-08-20T14:38:00,,,,,,,arugula,94 plants,,,,,,seedlings,14:38:00,,,4L 100ml,,parsed,missing,missing,missing,missing,missing,missing,missing
cleaned_data.csv,239,cleaned_data.csv::row_239,2025-08-22,13:12:00,2025-08-22T13:12:00,True,watered_amount_liters_possible_outlier,False,,Water consumption in glasshouse new cycle - original data.xlsx::Conventional::row_80,Water consumption in glasshouse new cycle - original data.xlsx,Conventional,80,2025-08-22T13:12:00,True,watered_amount_liters_possible_outlier,,,,,,,,,,arugula,seedlings,4 days,7L,94 plants,,2025-08-22 00:00:00,,,,,Arugula,,seedlings,13:12:00,,7L,,missing,,missing,,missing,,missing,7.0,parsed,,missing,,,94 plants,False,False,False,True,False,False,4 days,2025-08-22,,94 plants,,,2025-08-22T13:12:00,,,,,,,arugula,94 plants,,,,,,seedlings,13:12:00,,,7L,7.0,parsed,missing,missing,missing,missing,missing,parsed,missing
cleaned_data.csv,241,cleaned_data.csv::row_241,2025-08-25,09:20:00,2025-08-25T09:20:00,True,watered_amount_quantity_requires_review,False,,Water consumption in glasshouse new cycle - original data.xlsx::Conventional::row_82,Water consumption in glasshouse new cycle - original data.xlsx,Conventional,82,2025-08-25T09:20:00,True,watered_amount_quantity_requires_review,,,,,,,,,,arugula,seedlings,7 days,7L 600ml,94 plants,,2025-08-25 00:00:00,,,,,Arugula,,seedlings,09:20:00,,7L 600ml,,missing,,missing,,missing,,missing,,ambiguous_multiple_quantities,,missing,,,94 plants,False,False,False,False,False,False,7 days,2025-08-25,,94 plants,,,2025-08-25T09:20:00,,,,,,,arugula,94 plants,,,,,,seedlings,09:20:00,,,7L 600ml,,parsed,missing,missing,missing,missing,missing,missing,missing
cleaned_data.csv,243,cleaned_data.csv::row_243,2025-08-26,13:50:00,2025-08-26T13:50:00,True,watered_amount_quantity_requires_review,False,,Water consumption in glasshouse new cycle - original data.xlsx::Conventional::row_84,Water consumption in glasshouse new cycle - original data.xlsx,Conventional,84,2025-08-26T13:50:00,True,watered_amount_quantity_requires_review,,,,,,,,,,arugula,seedlings,8 days,5L 500ml,94 plants,,2025-08-26 00:00:00,,,,,Arugula,,seedlings,13:50:00,,5L 500ml,,missing,,missing,,missing,,missing,,ambiguous_multiple_quantities,,missing,,,94 plants,False,False,False,False,False,False,8 days,2025-08-26,,94 plants,,,2025-08-26T13:50:00,,,,,,,arugula,94 plants,,,,,,seedlings,13:50:00,,,5L 500ml,,parsed,missing,missing,missing,missing,missing,missing,missing
cleaned_data.csv,245,cleaned_data.csv::row_245,2025-08-27,12:15:00,2025-08-27T12:15:00,True,watered_amount_quantity_requires_review,False,,Water consumption in glasshouse new cycle - original data.xlsx::Conventional::row_86,Water consumption in glasshouse new cycle - original data.xlsx,Conventional,86,2025-08-27T12:15:00,True,watered_amount_quantity_requires_review,,,,,,,,,,arugula,seedlings,9 days,4L 500ml,94 plants,,2025-08-27 00:00:00,,,,,Arugula,,seedlings,12:15:00,,4L 500ml,,missing,,missing,,missing,,missing,,ambiguous_multiple_quantities,,missing,,,94 plants,False,False,False,False,False,False,9 days,2025-08-27,,94 plants,,,2025-08-27T12:15:00,,,,,,,arugula,94 plants,,,,,,seedlings,12:15:00,,,4L 500ml,,parsed,missing,missing,missing,missing,missing,missing,missing
cleaned_data.csv,248,cleaned_data.csv::row_248,2025-08-29,12:47:00,2025-08-29T12:47:00,True,watered_amount_quantity_requires_review,False,,Water consumption in glasshouse new cycle - original data.xlsx::Conventional::row_89,Water consumption in glasshouse new cycle - original data.xlsx,Conventional,89,2025-08-29T12:47:00,True,watered_amount_quantity_requires_review,,,,,,,,,,arugula,seedlings,11 days,6L 300ml,94 plants,,2025-08-29 00:00:00,,,,,Arugula,,seedlings,12:47:00,,6L 300ml,,missing,,missing,,missing,,missing,,ambiguous_multiple_quantities,,missing,,,94 plants,False,False,False,False,False,False,11 days,2025-08-29,,94 plants,,,2025-08-29T12:47:00,,,,,,,arugula,94 plants,,,,,,seedlings,12:47:00,,,6L 300ml,,parsed,missing,missing,missing,missing,missing,missing,missing
cleaned_data.csv,250,cleaned_data.csv::row_250,2025-09-01,10:44:00,2025-09-01T10:44:00,True,watered_amount_quantity_requires_review,False,,Water consumption in glasshouse new cycle - original data.xlsx::Conventional::row_91,Water consumption in glasshouse new cycle - original data.xlsx,Conventional,91,2025-09-01T10:44:00,True,watered_amount_quantity_requires_review,,,,,,,,,,arugula,seedlings,14 days,7L 300ml,94 plants,,2025-09-01 00:00:00,,,,,Arugula,,seedlings,10:44:00,,7L 300ml,,missing,,missing,,missing,,missing,,ambiguous_multiple_quantities,,missing,,,94 plants,False,False,False,False,False,False,14 days,2025-09-01,,94 plants,,,2025-09-01T10:44:00,,,,,,,arugula,94 plants,,,,,,seedlings,10:44:00,,,7L 300ml,,parsed,missing,missing,missing,missing,missing,missing,missing
cleaned_data.csv,252,cleaned_data.csv::row_252,2025-09-02,10:51:00,2025-09-02T10:51:00,True,watered_amount_liters_possible_outlier,False,,Water consumption in glasshouse new cycle - original data.xlsx::Conventional::row_93,Water consumption in glasshouse new cycle - original data.xlsx,Conventional,93,2025-09-02T10:51:00,True,watered_amount_liters_possible_outlier,,,,,,,,,,arugula,seedlings,15 days,14L,94 plants,,2025-09-02 00:00:00,,,,,Arugula,,seedlings,10:51:00,,14L,,missing,,missing,,missing,,missing,14.0,parsed,,missing,,,94 plants,False,False,False,True,False,False,15 days,2025-09-02,,94 plants,,,2025-09-02T10:51:00,,,,,,,arugula,94 plants,,,,,,seedlings,10:51:00,,,14L,14.0,parsed,missing,missing,missing,missing,missing,parsed,missing
cleaned_data.csv,254,cleaned_data.csv::row_254,2025-09-03,09:53:00,2025-09-03T09:53:00,True,watered_amount_liters_possible_outlier,False,,Water consumption in glasshouse new cycle - original data.xlsx::Conventional::row_95,Water consumption in glasshouse new cycle - original data.xlsx,Conventional,95,2025-09-03T09:53:00,True,watered_amount_liters_possible_outlier,,,,,,,,,,arugula,seedlings,16 days,10L,94 plants,,2025-09-03 00:00:00,,,,,Arugula,,seedlings,09:53:00,,10L,,missing,,missing,,missing,,missing,10.0,parsed,,missing,,,94 plants,False,False,False,True,False,False,16 days,2025-09-03,,94 plants,,,2025-09-03T09:53:00,,,,,,,arugula,94 plants,,,,,,seedlings,09:53:00,,,10L,10.0,parsed,missing,missing,missing,missing,missing,parsed,missing
cleaned_data.csv,256,cleaned_data.csv::row_256,2025-09-05,14:44:00,2025-09-05T14:44:00,True,watered_amount_quantity_requires_review,False,,Water consumption in glasshouse new cycle - original data.xlsx::Conventional::row_97,Water consumption in glasshouse new cycle - original data.xlsx,Conventional,97,2025-09-05T14:44:00,True,watered_amount_quantity_requires_review,,,,,,,,,,arugula,seedlings,18 days,14L 300ml,94 plants,,2025-09-05 00:00:00,,,,,Arugula,,seedlings,14:44:00,,14L 300ml,,missing,,missing,,missing,,missing,,ambiguous_multiple_quantities,,missing,,,94 plants,False,False,False,False,False,False,18 days,2025-09-05,,94 plants,,,2025-09-05T14:44:00,,,,,,,arugula,94 plants,,,,,,seedlings,14:44:00,,,14L 300ml,,parsed,missing,missing,missing,missing,missing,missing,missing
cleaned_data.csv,258,cleaned_data.csv::row_258,2025-09-08,10:28:00,2025-09-08T10:28:00,True,watered_amount_quantity_requires_review,False,,Water consumption in glasshouse new cycle - original data.xlsx::Conventional::row_99,Water consumption in glasshouse new cycle - original data.xlsx,Conventional,99,2025-09-08T10:28:00,True,watered_amount_quantity_requires_review,,,,,,,,,,arugula,seedlings,21 days,14L 400ml,94 plants,,2025-09-08 00:00:00,,,,,Arugula,,seedlings,10:28:00,,14L 400ml,,missing,,missing,,missing,,missing,,ambiguous_multiple_quantities,,missing,,,94 plants,False,False,False,False,False,False,21 days,2025-09-08,,94 plants,,,2025-09-08T10:28:00,,,,,,,arugula,94 plants,,,,,,seedlings,10:28:00,,,14L 400ml,,parsed,missing,missing,missing,missing,missing,missing,missing
cleaned_data.csv,260,cleaned_data.csv::row_260,2025-09-09,10:48:00,2025-09-09T10:48:00,True,watered_amount_liters_possible_outlier,False,,Water consumption in glasshouse new cycle - original data.xlsx::Conventional::row_101,Water consumption in glasshouse new cycle - original data.xlsx,Conventional,101,2025-09-09T10:48:00,True,watered_amount_liters_possible_outlier,,,,,,,,,,arugula,seedlings,22 days,12L,94 plants,,2025-09-09 00:00:00,,,,,Arugula,,seedlings,10:48:00,,12L,,missing,,missing,,missing,,missing,12.0,parsed,,missing,,,94 plants,False,False,False,True,False,False,22 days,2025-09-09,,94 plants,,,2025-09-09T10:48:00,,,,,,,arugula,94 plants,,,,,,seedlings,10:48:00,,,12L,12.0,parsed,missing,missing,missing,missing,missing,parsed,missing
cleaned_data.csv,262,cleaned_data.csv::row_262,2025-09-10,09:08:00,2025-09-10T09:08:00,True,watered_amount_liters_possible_outlier,False,,Water consumption in glasshouse new cycle - original data.xlsx::Conventional::row_103,Water consumption in glasshouse new cycle - original data.xlsx,Conventional,103,2025-09-10T09:08:00,True,watered_amount_liters_possible_outlier,,,,,,,,,,arugula,seedlings,23 days,12L,94 plants,,2025-09-10 00:00:00,,,,,Arugula,,seedlings,09:08:00,,12L,,missing,,missing,,missing,,missing,12.0,parsed,,missing,,,94 plants,False,False,False,True,False,False,23 days,2025-09-10,,94 plants,,,2025-09-10T09:08:00,,,,,,,arugula,94 plants,,,,,,seedlings,09:08:00,,,12L,12.0,parsed,missing,missing,missing,missing,missing,parsed,missing
cleaned_data.csv,264,cleaned_data.csv::row_264,2025-09-11,10:11:00,2025-09-11T10:11:00,True,watered_amount_quantity_requires_review,False,,Water consumption in glasshouse new cycle - original data.xlsx::Conventional::row_105,Water consumption in glasshouse new cycle - original data.xlsx,Conventional,105,2025-09-11T10:11:00,True,watered_amount_quantity_requires_review,,,,,,,,,,arugula,seedlings,24 days,10L 200ml,94 plants,,2025-09-11 00:00:00,,,,,Arugula,,seedlings,10:11:00,,10L 200ml,,missing,,missing,,missing,,missing,,ambiguous_multiple_quantities,,missing,,,94 plants,False,False,False,False,False,False,24 days,2025-09-11,,94 plants,,,2025-09-11T10:11:00,,,,,,,arugula,94 plants,,,,,,seedlings,10:11:00,,,10L 200ml,,parsed,missing,missing,missing,missing,missing,missing,missing
cleaned_data.csv,265,cleaned_data.csv::row_265,2025-09-12,11:42:00,2025-09-12T11:42:00,True,watered_amount_liters_possible_outlier,False,,Water consumption in glasshouse new cycle - original data.xlsx::Conventional::row_106,Water consumption in glasshouse new cycle - original data.xlsx,Conventional,106,2025-09-12T11:42:00,True,watered_amount_liters_possible_outlier,,,,,,,,,,arugula,seedlings,25 days,12L,94 plants,,2025-09-12 00:00:00,,,,,Arugula,,seedlings,11:42:00,,12L,,missing,,missing,,missing,,missing,12.0,parsed,,missing,,,94 plants,False,False,False,True,False,False,25 days,2025-09-12,,94 plants,,,2025-09-12T11:42:00,,,,,,,arugula,94 plants,,,,,,seedlings,11:42:00,,,12L,12.0,parsed,missing,missing,missing,missing,missing,parsed,missing
cleaned_data.csv,267,cleaned_data.csv::row_267,2025-09-15,11:13:00,2025-09-15T11:13:00,True,watered_amount_quantity_requires_review,False,,Water consumption in glasshouse new cycle - original data.xlsx::Conventional::row_108,Water consumption in glasshouse new cycle - original data.xlsx,Conventional,108,2025-09-15T11:13:00,True,watered_amount_quantity_requires_review,,,,,,,,,,arugula,seedlings,28 days,10L 500ml,94 plants,,2025-09-15 00:00:00,,,,,Arugula,,seedlings,11:13:00,,10L 500ml,,missing,,missing,,missing,,missing,,ambiguous_multiple_quantities,,missing,,,94 plants,False,False,False,False,False,False,28 days,2025-09-15,,94 plants,,,2025-09-15T11:13:00,,,,,,,arugula,94 plants,,,,,,seedlings,11:13:00,,,10L 500ml,,parsed,missing,missing,missing,missing,missing,missing,missing
cleaned_data.csv,269,cleaned_data.csv::row_269,2025-09-16,10:09:00,2025-09-16T10:09:00,True,watered_amount_liters_possible_outlier,False,,Water consumption in glasshouse new cycle - original data.xlsx::Conventional::row_110,Water consumption in glasshouse new cycle - original data.xlsx,Conventional,110,2025-09-16T10:09:00,True,watered_amount_liters_possible_outlier,,,,,,,,,,arugula,seedlings,29 days,8L,94 plants,,2025-09-16 00:00:00,,,,,Arugula,,seedlings,10:09:00,,8L,,missing,,missing,,missing,,missing,8.0,parsed,,missing,,,94 plants,False,False,False,True,False,False,29 days,2025-09-16,,94 plants,,,2025-09-16T10:09:00,,,,,,,arugula,94 plants,,,,,,seedlings,10:09:00,,,8L,8.0,parsed,missing,missing,missing,missing,missing,parsed,missing
cleaned_data.csv,271,cleaned_data.csv::row_271,2025-09-17,13:31:00,2025-09-17T13:31:00,True,watered_amount_liters_possible_outlier,False,,Water consumption in glasshouse new cycle - original data.xlsx::Conventional::row_112,Water consumption in glasshouse new cycle - original data.xlsx,Conventional,112,2025-09-17T13:31:00,True,watered_amount_liters_possible_outlier,,,,,,,,,,arugula,seedlings,30 days,10L,94 plants,,2025-09-17 00:00:00,,,,,Arugula,,seedlings,13:31:00,,10L,,missing,,missing,,missing,,missing,10.0,parsed,,missing,,,94 plants,False,False,False,True,False,False,30 days,2025-09-17,,94 plants,,,2025-09-17T13:31:00,,,,,,,arugula,94 plants,,,,,,seedlings,13:31:00,,,10L,10.0,parsed,missing,missing,missing,missing,missing,parsed,missing
cleaned_data.csv,272,cleaned_data.csv::row_272,2025-09-18,11:36:00,2025-09-18T11:36:00,True,watered_amount_quantity_requires_review,False,,Water consumption in glasshouse new cycle - original data.xlsx::Conventional::row_113,Water consumption in glasshouse new cycle - original data.xlsx,Conventional,113,2025-09-18T11:36:00,True,watered_amount_quantity_requires_review,,,,,,,,,,arugula,seedlings,31 days,10L 300ml,94 plants,,2025-09-18 00:00:00,,,,,Arugula,,seedlings,11:36:00,,10L 300ml,,missing,,missing,,missing,,missing,,ambiguous_multiple_quantities,,missing,,,94 plants,False,False,False,False,False,False,31 days,2025-09-18,,94 plants,,,2025-09-18T11:36:00,,,,,,,arugula,94 plants,,,,,,seedlings,11:36:00,,,10L 300ml,,parsed,missing,missing,missing,missing,missing,missing,missing
cleaned_data.csv,274,cleaned_data.csv::row_274,2025-09-19,15:13:00,2025-09-19T15:13:00,True,watered_amount_liters_possible_outlier,False,,Water consumption in glasshouse new cycle - original data.xlsx::Conventional::row_115,Water consumption in glasshouse new cycle - original data.xlsx,Conventional,115,2025-09-19T15:13:00,True,watered_amount_liters_possible_outlier,,,,,,,,,,arugula,seedlings,32 days,12L,94 plants,,2025-09-19 00:00:00,,,,,Arugula,,seedlings,15:13:00,,12L,,missing,,missing,,missing,,missing,12.0,parsed,,missing,,,94 plants,False,False,False,True,False,False,32 days,2025-09-19,,94 plants,,,2025-09-19T15:13:00,,,,,,,arugula,94 plants,,,,,,seedlings,15:13:00,,,12L,12.0,parsed,missing,missing,missing,missing,missing,parsed,missing
cleaned_data.csv,275,cleaned_data.csv::row_275,2025-09-22,11:20:00,2025-09-22T11:20:00,True,watered_amount_quantity_requires_review,False,,Water consumption in glasshouse new cycle - original data.xlsx::Conventional::row_116,Water consumption in glasshouse new cycle - original data.xlsx,Conventional,116,2025-09-22T11:20:00,True,watered_amount_quantity_requires_review,,,,,,,,,,arugula,seedlings,35 days,10L 200ml,94 plants,,2025-09-22 00:00:00,,,,,Arugula,,seedlings,11:20:00,,10L 200ml,,missing,,missing,,missing,,missing,,ambiguous_multiple_quantities,,missing,,,94 plants,False,False,False,False,False,False,35 days,2025-09-22,,94 plants,,,2025-09-22T11:20:00,,,,,,,arugula,94 plants,,,,,,seedlings,11:20:00,,,10L 200ml,,parsed,missing,missing,missing,missing,missing,missing,missing
